<?xml version="1.0" encoding="windows-1250"?>
<store hashno="165081">
  <config>
    <loglevel serial="0" others="0"/>
    <fuels>
      <fuel id="1" description="G�zolaj" foreignid="1" lastppu="328"/>
      <fuel id="2" description="ESZ95" foreignid="3" lastppu="330"/>
      <fuel id="3" description="ESZ98" foreignid="2" lastppu="339"/>
    </fuels>
    <channels>
      <channel id="1" port="COM6" issinkecho="False">
        <pumps>
          <pump id="2" mux="" address="2" ppufracts="1" amountfracts="0" quantityfracts="2" totalizerfracts="2" preventtoggledstopatstart="True" resetonturnon="True" turnoffrepetitioncheck="True">
            <hoses>
              <hose id="1" fuelid="3"/>
            </hoses>
          </pump>
          <pump id="3" mux="" address="3" ppufracts="1" amountfracts="0" quantityfracts="2" totalizerfracts="2" preventtoggledstopatstart="True" resetonturnon="True" turnoffrepetitioncheck="True">
            <hoses>
              <hose id="1" fuelid="2"/>
            </hoses>
          </pump>
        </pumps>
      </channel>
    </channels>
  </config>
  <data>
    <pumps_>
      <pump_ id="2" status="7" canauthorize="1" ppu="0" amount="0" quantity="0" limitamount="0" limithose="0" hose="1" hosestate="1">
        <totals>
          <total hoseid="1" quantity="61001,21" updated="2017.07.26. 07:13:49.674"/>
        </totals>
      </pump_>
      <pump_ id="3" status="7" canauthorize="1" ppu="0" amount="0" quantity="0" limitamount="0" limithose="0" hose="1" hosestate="1">
        <totals>
          <total hoseid="1" quantity="308637,86" updated="2017.07.26. 09:07:26.234"/>
        </totals>
      </pump_>
    </pumps_>
  </data>
</store>
<!--HASH{wwIbXbll33wsGP3XkG3X1h11s18PdGXG}-->