<?xml version="1.0" encoding="windows-1250"?>
<muxes systemfingerprint="@^40283A242F294154^@">
  <mux port="COM1" serno="8058" sernochangepassword="" type="Real" simloop="False" simecho="False" forceportreconfig="False" info="@^302335232B2C3D2D273239212A3636^@">
    <devices>
      <device id="1" name="zsr" muxchannel="4" baudrate="9600" databits="8" parity="None" stopbits="1"/>
    </devices>
  </mux>
  <mux port="COM5" serno="" sernochangepassword="{info is missing, must reenter and revalidate the serno}" type="Fake" simloop="False" simecho="False" forceportreconfig="False" info="">
    <devices/>
  </mux>
  <mux port="COM6" serno="" sernochangepassword="{info is missing, must reenter and revalidate the serno}" type="Fake" simloop="False" simecho="False" forceportreconfig="False" info="">
    <devices>
      <device id="2" name="m_wayne" baudrate="9600" databits="8" parity="Odd" stopbits="1"/>
      <device id="3" name="m_wayne" baudrate="9600" databits="8" parity="Odd" stopbits="1"/>
    </devices>
  </mux>
</muxes>
