<?xml version="1.0" encoding="windows-1250"?>
<store hashno="366068">
  <config xpcompatible="True">
    <loglevel serial="0" others="0"/>
    <fuels>
      <fuel id="1" description="G�zolaj" foreignid="1" lastppu="350"/>
      <fuel id="2" description="ESZ95" foreignid="3" lastppu="339"/>
      <fuel id="3" description="ESZ98" foreignid="2" lastppu="348"/>
    </fuels>
    <channels>
      <channel id="1" port="COM1">
        <pumps>
          <pump id="2" mux="2" address="0" ppufracts="1" amountfracts="0" quantityfracts="2" amountlimitmsbdigit="0" deliveringidletimeoutinsec="60" istechpetrol="False">
            <hoses>
              <hose id="1" fuelid="3"/>
            </hoses>
          </pump>
          <pump id="3" mux="3" address="0" ppufracts="1" amountfracts="0" quantityfracts="2" amountlimitmsbdigit="0" deliveringidletimeoutinsec="60" istechpetrol="False">
            <hoses>
              <hose id="1" fuelid="2"/>
            </hoses>
          </pump>
        </pumps>
      </channel>
    </channels>
  </config>
  <data>
    <pumps_>
      <pump_ id="2" status="3" canauthorize="1" ppu="0" amount="0" quantity="0" limitamount="0" limithose="-1" hose="1" hosestate="1">
        <totals>
          <total hoseid="1" quantity="373050" updated="2016.10.18. 12:46:18.424"/>
        </totals>
      </pump_>
      <pump_ id="3" status="3" canauthorize="1" ppu="339" amount="0" quantity="0" limitamount="0" limithose="-1" hose="1" hosestate="1">
        <totals>
          <total hoseid="1" quantity="2737939" updated="2016.10.18. 08:40:31.603"/>
        </totals>
      </pump_>
    </pumps_>
  </data>
</store>
<!--HASH{1fId11GG1lws31hk3hwwws3hkwssGdfl}-->