<?xml version="1.0" encoding="windows-1250"?>
<store hashno="304707">
  <config xpcompatible="True">
    <loglevel serial="0" others="0"/>
    <fuels>
      <fuel id="1" description="G�zolaj" foreignid="1" lastppu="328"/>
      <fuel id="2" description="ESZ95" foreignid="3" lastppu="330"/>
      <fuel id="3" description="ESZ98" foreignid="2" lastppu="339"/>
    </fuels>
    <channels>
      <channel id="1" port="COM1">
        <pumps>
          <pump id="1" mux="4" subtype="hiteka" amountlimit="0,0" quantlimit="0,0" calcamofromtotalattank="True" calcamofromtotalatstart="True">
            <hoses>
              <hose id="1" fuelid="1"/>
              <hose id="2" fuelid="1"/>
              <hose id="3" fuelid="1"/>
              <hose id="4" fuelid="1"/>
              <hose id="5" fuelid="1"/>
            </hoses>
          </pump>
        </pumps>
      </channel>
    </channels>
  </config>
  <data>
    <pumps_>
      <pump_ id="1" status="7" canauthorize="1" ppu="0" amount="0" quantity="0" limitamount="0" limithose="-1" hose="1" hosestate="1">
        <totals>
          <total hoseid="1" quantity="5354606,44" updated="2017.07.26. 08:41:57.454"/>
          <total hoseid="2" quantity="0" updated="2017.07.26. 08:41:57.454"/>
          <total hoseid="3" quantity="0" updated="2017.07.26. 08:41:57.454"/>
          <total hoseid="4" quantity="0" updated="2017.07.26. 08:41:57.454"/>
          <total hoseid="5" quantity="0" updated="2017.07.26. 08:41:57.454"/>
        </totals>
      </pump_>
    </pumps_>
  </data>
</store>
<!--HASH{MdsMbIkhMIGXskk1Xl1lf8wdlhhMPwXl}-->