<?xml version="1.0" encoding="windows-1250"?>
<reg>
  <hardvertypes defaulttype="GIGABYTE">
    <hardvertype name="GIGABYTE" defaultrev="rev20140501" aeeprinterid="3">
      <hardverrev>rev20140501</hardverrev>
    </hardvertype>
  </hardvertypes>
  <vats>
    <vat idx="1" free="false">5,00%</vat>
    <vat idx="2" free="false">18,00%</vat>
    <vat idx="3" free="false">27,00%</vat>
    <vat idx="4" free="true">AJT</vat>
    <vat idx="5" free="true">TAM</vat>
    <vat idx="6" free="false"/>
  </vats>
  <euro>2020.01.01</euro>
  <registered>
    <productname>VH-Petroline</productname>
    <hardvertype_>GIGABYTE</hardvertype_>
    <hardverrevision>rev20140501</hardverrevision>
    <softwareversion>v1.0.0.0</softwareversion>
    <softwarehash>88114A9734AB30F09FBC5F9325AE00513E99C5107916108043B072E714B1033F</softwarehash>
    <apno>A07800180</apno>
    <servicemanid>201084</servicemanid>
    <installid>7904474375396628</installid>
    <euro_>2020.01.01</euro_>
    <vats_>
      <vat_ idx="1" free="False">05,00%</vat_>
      <vat_ idx="2" free="False">18,00%</vat_>
      <vat_ idx="3" free="False">27,00%</vat_>
      <vat_ idx="4" free="True">AJT</vat_>
      <vat_ idx="5" free="True">TAM</vat_>
    </vats_>
    <aeepublickey>-----BEGIN+PUBLIC+KEY-----%0D%0AMFwwDQYJKoZIhvcNAQEBBQADSwAwSAJBAMEwT%2BEetq5Y8VAf5p52RwYBce8PD5WG%0D%0A8d443OBqLbXHiBmCsz4SS3xleEKXxpNpspOV%2FyTnQTh3TS6Ci2FjA8cCAwEAAQ%3D%3D%0D%0A-----END+PUBLIC+KEY-----</aeepublickey>
  </registered>
  <tasks>
    <task>
      <type>AEE</type>
      <prepared>2014.04.15. 13:55:27.788</prepared>
      <helpdesk>j</helpdesk>
      <done>2014.04.15. 13:58:53.553</done>
    </task>
  </tasks>
</reg>
<!--HASH{8bbIX1lMffs1GPlbGd31sdIsbG3bGswG}-->