<?xml version="1.0" encoding="windows-1250"?>
<filegarbage service="">
  <header>
    <version>1.1.0.3</version>
    <created>2016.11.17. 15:08:59</created>
  </header>
  <tasks active="1" activate="09:00">
    <!-- CASSA relational files -->
    <task active="1" operation="delete" description="cassa - log files">
      <filemask>
        <apply>%cassa%\LOGs\*.*</apply>
        <ignore>error.log</ignore>
        <ignore>SPError.log</ignore>
      </filemask>
      <condition iscassa="1">
        <max_age unit="months">6</max_age>
        <max_size unit=""/>
      </condition>
    </task>
    <task active="1" operation="delete" description="cassa - updater files">
      <filemask>
        <apply alsosubdirs="True">%cassa%\*.old</apply>
        <apply alsosubdirs="True">%cassa%\*.ign</apply>
        <apply alsosubdirs="True">%cassa%\*.unprocessed</apply>
      </filemask>
      <condition iscassa="1">
        <max_age fromfilename="**.{YYYYMMDDHHNNSSZZZ}.*" usefileageonfromfilenamefailed="True" unit="months">1</max_age>
        <max_size unit=""/>
      </condition>
    </task>
    <task active="1" operation="rename" description="cassa - ErrorFTPClient log files">
      <filemask>
        <apply>%cassa%\ErrorFTPClient_*.log</apply>
        <target>*.*.%datetime=YYYYMMDDHHNNSSZZZ%.log</target>
      </filemask>
      <condition iscassa="1">
        <max_size unit="MB">100</max_size>
      </condition>
    </task>
    <task active="1" operation="move" description="cassa - old transactions">
      <filemask>
        <apply>%cassa%\Data\Transactions\*.*</apply>
        <target>%cassa%\Archive\Data\Transactions\</target>
      </filemask>
      <condition iscassa="1">
        <max_age unit="months">2</max_age>
      </condition>
    </task>
    <!-- PUMPSERVICE relational files -->
    <task active="1" operation="delete" description="pumpservice - log files">
      <filemask>
        <apply>%pumpservice%\LOGs\*.*</apply>
        <ignore>PumpService.log</ignore>
      </filemask>
      <condition ispumpservice="1">
        <max_age unit="months">6</max_age>
        <max_size unit=""/>
      </condition>
    </task>
    <task active="1" operation="rename" description="pumpservice - pumpservice.log">
      <filemask>
        <apply>%pumpservice%\LOGs\PumpService.log</apply>
        <target>*.*.%datetime=YYYYMMDDHHNNSSZZZ%.log</target>
      </filemask>
      <condition ispumpservice="1">
        <max_size unit="MB">300</max_size>
      </condition>
    </task>
    <task active="1" operation="delete" description="pumpservice - old log files">
      <filemask>
        <apply>%pumpservice%\LOGs\PumpService.log*.log</apply>
      </filemask>
      <condition ispumpservice="1">
        <max_age unit="years">1</max_age>
        <max_size unit=""/>
      </condition>
    </task>
    <task active="1" operation="delete" description="pumpservice - updater files">
      <filemask>
        <apply>%pumpservice%\*.old</apply>
        <apply>%pumpservice%\*.ign</apply>
        <apply>%pumpservice%\*.unprocessed</apply>
      </filemask>
      <condition ispumpservice="1">
        <max_age fromfilename="**.{YYYYMMDDHHNNSSZZZ}.*" usefileageonfromfilenamefailed="True" unit="months">1</max_age>
        <max_size unit=""/>
      </condition>
    </task>
    <task active="1" operation="delete" description="pumpservice - pushedtransactions">
      <filemask>
        <apply>%pumpservice%\PushedTransactions\*.popped*</apply>
      </filemask>
      <condition ispumpservice="1">
        <max_age unit="months">6</max_age>
        <max_size unit=""/>
      </condition>
    </task>
    <!-- INFOREPORTER relational files -->
    <task active="1" operation="delete" description="inforeporter - server log files">
      <filemask>
        <apply>%reporter%\server\*.log</apply>
        <ignore>rdp.log</ignore>
        <ignore>InfoServerIPHistory.LOG</ignore>
      </filemask>
      <condition>
        <max_age unit="months">6</max_age>
        <max_size unit=""/>
      </condition>
    </task>
    <task active="1" operation="delete" description="inforeporter - client log files">
      <filemask>
        <apply>%reporter%\client\*.log</apply>
        <ignore>FileGarbage.LOG</ignore>
        <ignore>FileGarbageStat.LOG</ignore>
      </filemask>
      <condition>
        <max_age unit="months">6</max_age>
        <max_size unit=""/>
      </condition>
    </task>
    <!-- vv 1.0.0.5 vv -->
    <task active="1" operation="rename" description="inforeporter - filegarbage log files">
      <filemask>
        <apply>%reporter%\client\FileGarbage*.log</apply>
        <target>*.*.%datetime=YYYYMMDDHHNNSSZZZ%.log</target>
      </filemask>
      <condition>
        <max_size unit="MB">300</max_size>
      </condition>
    </task>
    <task active="1" operation="delete" description="inforeporter - old filegarbage log files">
      <filemask>
        <apply>%reporter%\client\FileGarbage*.log*.log</apply>
      </filemask>
      <condition>
        <max_age unit="years">1</max_age>
        <max_size unit=""/>
      </condition>
    </task>
    <!-- ^^ 1.0.0.5 ^^ -->
    <!-- vv 1.1.0.2 vv -->
    <task active="1" operation="delete" description="inforeporter - old CPU files">
      <filemask>
        <apply>%reporter%\client\*.CPU</apply>
      </filemask>
      <condition>
        <max_age unit="months">1</max_age>
        <max_size unit=""/>
      </condition>
    </task>
    <!-- ^^ 1.1.0.2 ^^ -->
    <!-- UPS related files -->
    <task active="1" operation="delete" description="UPS log files">
      <filemask>
        <apply>%programfiles(x86)%\MegaTec\UPSilon 2000\rupsmon.evt</apply>
        <apply>%programfiles(x86)%\MegaTec\UPSilon 2000\RupsMon.dat</apply>
        <apply>%programfiles(x86)%\MegaTec\UPSilon 2000\bat.dat</apply>
      </filemask>
      <condition>
        <do_it_on definition="daysofweek">4</do_it_on>
        <!--means every Thursday-->
      </condition>
    </task>
    <!-- FTP backups -->
    <task active="1" operation="ftp" description="cassa config files">
      <filemask>
        <apply>%cassa%\*.INI</apply>
        <apply>%cassa%\*.XML</apply>
        <apply>%cassa%\*.PEM</apply>
        <apply>%cassa%\DATA\*.XML</apply>
        <apply>%cassa%\DATA\*.PBC</apply>
      </filemask>
      <condition iscassa="1">
        <max_age/>
        <max_size unit="B">1</max_size>
      </condition>
    </task>
    <task active="1" operation="ftp" description="pumpservice config files">
      <filemask>
        <apply>%pumpservice%\*.INI</apply>
        <apply>%pumpservice%\*.XML</apply>
      </filemask>
      <condition ispumpservice="1">
        <max_age/>
        <max_size unit="B">1</max_size>
      </condition>
    </task>
    <task active="1" operation="ftp" description="OMVExpFTP config files">
      <filemask>
        <apply>%pumpservice%\..\OMV\*.INI</apply>
        <apply>%pumpservice%\..\OMV\*.XML</apply>
      </filemask>
      <condition ispumpservice="1">
        <max_age/>
        <max_size unit="B">1</max_size>
      </condition>
    </task>
    <task active="1" operation="ftp" description="infrepsrvc config files">
      <filemask>
        <apply>%reporter%\server\*.INI</apply>
        <apply>%reporter%\server\*.XML</apply>
      </filemask>
      <condition>
        <max_age/>
        <max_size unit="B">1</max_size>
      </condition>
    </task>
    <task active="1" operation="ftp" description="infrepclnt config files">
      <filemask>
        <apply>%reporter%\client\*.INI</apply>
        <apply>%reporter%\client\*.XML</apply>
      </filemask>
      <condition>
        <max_age/>
        <max_size unit="B">1</max_size>
      </condition>
    </task>
  </tasks>
</filegarbage>
<!--HASH{1IblbMkdlGI38wfXk8bGG8ssbIkfw3wI}-->